edad,ingreso
5.600000000000000000e+01,3.953553679742427630e+04
6.900000000000000000e+01,6.868463635867222911e+04
4.600000000000000000e+01,3.953649254715696588e+04
3.200000000000000000e+01,2.097746290402325758e+04
6.000000000000000000e+01,5.253427115757473803e+04
2.500000000000000000e+01,1.843451996385605162e+04
3.800000000000000000e+01,5.717141635072564532e+04
5.600000000000000000e+01,6.441639756949450384e+04
3.600000000000000000e+01,3.852027358683382772e+04
4.000000000000000000e+01,5.679944138890026079e+04
2.800000000000000000e+01,3.257368307647618349e+04
2.800000000000000000e+01,2.318715798671736411e+04
4.100000000000000000e+01,5.808124077269657573e+04
5.300000000000000000e+01,5.843910043684658740e+04
5.700000000000000000e+01,4.607753845673543401e+04
4.100000000000000000e+01,4.094661321916391898e+04
2.000000000000000000e+01,1.624381746615242810e+04
3.900000000000000000e+01,2.732200269035663950e+04
1.900000000000000000e+01,3.341177547531641176e+04
4.100000000000000000e+01,6.194416640470130369e+04
6.100000000000000000e+01,4.586432426180858602e+04
4.700000000000000000e+01,5.357969236690570688e+04
5.500000000000000000e+01,4.824357430878173182e+04
1.900000000000000000e+01,1.927874616235303984e+04
3.800000000000000000e+01,3.437606075761131069e+04
5.000000000000000000e+01,4.186009230320183997e+04
2.900000000000000000e+01,3.313521627944827196e+04
3.900000000000000000e+01,3.284049883588962257e+04
6.100000000000000000e+01,6.255456825779838982e+04
4.200000000000000000e+01,4.319761890550862881e+04
6.600000000000000000e+01,6.171051953133589996e+04
4.400000000000000000e+01,3.632436337958402146e+04
5.900000000000000000e+01,5.238228669431667367e+04
4.500000000000000000e+01,5.380391225825755828e+04
3.300000000000000000e+01,4.105917187624381040e+04
3.200000000000000000e+01,2.542444755201449152e+04
6.400000000000000000e+01,6.339332305429226108e+04
6.800000000000000000e+01,7.331387123371788766e+04
6.100000000000000000e+01,4.315594718878628191e+04
6.900000000000000000e+01,7.208360192379934597e+04
2.000000000000000000e+01,1.837376241054153434e+04
5.400000000000000000e+01,5.960598668593159528e+04
6.800000000000000000e+01,5.816740843457483425e+04
2.400000000000000000e+01,1.035117899335480979e+04
3.800000000000000000e+01,2.402457562116837289e+04
2.600000000000000000e+01,3.058084946661382128e+04
5.600000000000000000e+01,5.819722501721481967e+04
3.500000000000000000e+01,2.870683374895591260e+04
2.100000000000000000e+01,3.223592458777374122e+04
4.200000000000000000e+01,2.708479937731040263e+04
3.100000000000000000e+01,3.368920201352683216e+04
6.700000000000000000e+01,5.283983800237542891e+04
2.600000000000000000e+01,2.358163892197841051e+04
4.300000000000000000e+01,4.502398671316413675e+04
1.900000000000000000e+01,1.554586634716047593e+04
3.700000000000000000e+01,3.560444455770174682e+04
4.500000000000000000e+01,5.631292809214440786e+04
6.400000000000000000e+01,5.663108130476851511e+04
2.400000000000000000e+01,3.675692112065141555e+04
6.100000000000000000e+01,4.855293145342382195e+04
2.500000000000000000e+01,3.454804177915283071e+04
6.400000000000000000e+01,7.681568620657900465e+04
5.200000000000000000e+01,2.748355499872710789e+04
3.100000000000000000e+01,2.638104744529523305e+04
3.400000000000000000e+01,4.267072127180539974e+04
5.300000000000000000e+01,5.101954613957006950e+04
6.700000000000000000e+01,6.866145873371309426e+04
5.700000000000000000e+01,5.041014813284179399e+04
2.100000000000000000e+01,2.671589787472899843e+04
1.900000000000000000e+01,2.259322764607920544e+04
2.300000000000000000e+01,3.922782061659807368e+04
5.900000000000000000e+01,6.069420843301212881e+04
2.100000000000000000e+01,2.922602662075202170e+04
4.600000000000000000e+01,4.298123033877532725e+04
3.500000000000000000e+01,3.287393775927506795e+04
4.300000000000000000e+01,4.022441812180379202e+04
6.100000000000000000e+01,6.379452142378297140e+04
5.100000000000000000e+01,4.714015519179737021e+04
2.700000000000000000e+01,3.384774856896413257e+04
5.300000000000000000e+01,7.380400798645438044e+04
3.100000000000000000e+01,4.306124703431692615e+04
4.800000000000000000e+01,4.553976467832158960e+04
6.500000000000000000e+01,7.526213922163944517e+04
3.200000000000000000e+01,3.111924626978448578e+04
2.500000000000000000e+01,8.868754648221460229e+03
3.100000000000000000e+01,2.426913689082596102e+04
4.000000000000000000e+01,2.329208078974144155e+04
5.700000000000000000e+01,5.293486515958691598e+04
3.800000000000000000e+01,4.048418379189551342e+04
3.300000000000000000e+01,5.281437312275282602e+04
6.200000000000000000e+01,6.396927373764162621e+04
3.500000000000000000e+01,3.555899471191135672e+04
6.400000000000000000e+01,7.069405581183488539e+04
4.100000000000000000e+01,2.073864690992114993e+04
4.300000000000000000e+01,4.690614558108565689e+04
4.200000000000000000e+01,5.140865193886966881e+04
6.200000000000000000e+01,4.591413754220158444e+04
5.800000000000000000e+01,6.873754043206929055e+04
4.600000000000000000e+01,5.048496407494413870e+04
3.200000000000000000e+01,3.104712086099198859e+04
6.200000000000000000e+01,6.702781866106284724e+04
1.800000000000000000e+01,4.600692857804396044e+04
4.200000000000000000e+01,4.551866255058495153e+04
2.400000000000000000e+01,3.088220586300336072e+04
2.600000000000000000e+01,2.550639100459755718e+04
4.100000000000000000e+01,3.435155630535208184e+04
1.800000000000000000e+01,3.160335816544245608e+04
6.100000000000000000e+01,5.128916174091132416e+04
2.500000000000000000e+01,2.996566237219392497e+04
4.100000000000000000e+01,3.807342553234883235e+04
2.800000000000000000e+01,3.658979825746391725e+04
6.800000000000000000e+01,6.913662105286947917e+04
3.400000000000000000e+01,4.727539944257899333e+04
2.500000000000000000e+01,2.414983601145252760e+04
5.200000000000000000e+01,4.950125064706628473e+04
5.200000000000000000e+01,4.241236284217692446e+04
5.000000000000000000e+01,4.605706739923888381e+04
2.200000000000000000e+01,3.047300493044852192e+04
5.900000000000000000e+01,6.571988616645352158e+04
5.600000000000000000e+01,4.637834675822374993e+04
5.800000000000000000e+01,6.599605920105660334e+04
4.500000000000000000e+01,5.980637858804951247e+04
2.400000000000000000e+01,3.253434903223700894e+04
2.600000000000000000e+01,4.886795812558065518e+04
2.500000000000000000e+01,2.151210800896427099e+04
2.900000000000000000e+01,2.020345296688583039e+04
5.100000000000000000e+01,3.356279751095721440e+04
5.000000000000000000e+01,6.546044311489183019e+04
6.500000000000000000e+01,6.979365656354057137e+04
4.000000000000000000e+01,4.144415329089544684e+04
4.100000000000000000e+01,4.564968626319820032e+04
5.400000000000000000e+01,4.264510952701623319e+04
5.200000000000000000e+01,7.665751979616825702e+04
6.100000000000000000e+01,6.114221181975227228e+04
5.700000000000000000e+01,5.754394794604893104e+04
3.900000000000000000e+01,4.840766623898691614e+04
4.400000000000000000e+01,5.021009231736713264e+04
5.200000000000000000e+01,5.443884024279131700e+04
1.800000000000000000e+01,1.539525544554688167e+04
5.200000000000000000e+01,5.691468357135995757e+04
5.400000000000000000e+01,7.272024496475033811e+04
6.400000000000000000e+01,7.585420046154977172e+04
3.100000000000000000e+01,5.028186626639396854e+04
2.000000000000000000e+01,1.988784323568814943e+04
1.800000000000000000e+01,1.340395179741419088e+04
2.200000000000000000e+01,2.544213079900352022e+04
4.300000000000000000e+01,4.510724912288694759e+04
3.100000000000000000e+01,4.529191518470948358e+04
5.600000000000000000e+01,3.867535370285180397e+04
4.400000000000000000e+01,6.069550319460613537e+04
2.600000000000000000e+01,2.851992101421010739e+04
3.200000000000000000e+01,3.093118930052579890e+04
3.200000000000000000e+01,2.507895624739832419e+04
4.300000000000000000e+01,2.800143328134230615e+04
5.900000000000000000e+01,6.638170583961914235e+04
3.000000000000000000e+01,3.423317967188404145e+04
6.800000000000000000e+01,5.290039100258945837e+04
4.900000000000000000e+01,3.669921227936384093e+04
5.600000000000000000e+01,5.224215300709872099e+04
6.600000000000000000e+01,8.079021525289393321e+04
6.900000000000000000e+01,6.405408648636395083e+04
4.900000000000000000e+01,3.461857046881893621e+04
2.100000000000000000e+01,2.339256935914055794e+04
4.700000000000000000e+01,4.522276430252329737e+04
5.400000000000000000e+01,2.693113357058428301e+04
4.000000000000000000e+01,4.145705133482188103e+04
5.600000000000000000e+01,5.329065469791321811e+04
6.200000000000000000e+01,6.766206364813417895e+04
3.200000000000000000e+01,5.368956094945345103e+04
6.000000000000000000e+01,7.026565029547757877e+04
4.600000000000000000e+01,4.441111309445169172e+04
5.300000000000000000e+01,4.198474091258329281e+04
3.000000000000000000e+01,5.923359803249860124e+04
4.900000000000000000e+01,5.024218434014488594e+04
2.400000000000000000e+01,2.853929291912946064e+04
6.800000000000000000e+01,6.555874912889997358e+04
3.900000000000000000e+01,4.313084760767855187e+04
4.500000000000000000e+01,4.480639588076057407e+04
1.900000000000000000e+01,1.841337993119763632e+04
5.900000000000000000e+01,5.268141058759608131e+04
6.200000000000000000e+01,6.037246729784001946e+04
2.300000000000000000e+01,2.211575228866234829e+04
4.500000000000000000e+01,3.912154217322835757e+04
4.500000000000000000e+01,4.731430227691897016e+04
6.100000000000000000e+01,5.730022782579144405e+04
6.100000000000000000e+01,7.488992988582688849e+04
3.700000000000000000e+01,1.294030191606987864e+04
4.700000000000000000e+01,5.886506851922461647e+04
2.800000000000000000e+01,4.426085192497629032e+04
4.500000000000000000e+01,2.551609767591850687e+04
4.200000000000000000e+01,4.027312405919651064e+04
5.600000000000000000e+01,5.188559134004208317e+04
5.000000000000000000e+01,3.642488305282178771e+04
1.800000000000000000e+01,1.552183312409124665e+04
4.400000000000000000e+01,3.429424154534171248e+04
6.900000000000000000e+01,8.417270443423622055e+04
3.000000000000000000e+01,4.285678393147460883e+04
5.800000000000000000e+01,7.001555094994159299e+04
2.000000000000000000e+01,3.221672064043235150e+04
5.600000000000000000e+01,4.430948228782770457e+04
2.300000000000000000e+01,2.230479733720226432e+04
2.500000000000000000e+01,3.414374561227917729e+04
4.400000000000000000e+01,3.317872191108054540e+04
2.600000000000000000e+01,3.722998430172388180e+04
5.400000000000000000e+01,5.149674601841864933e+04
5.000000000000000000e+01,4.675179192450402479e+04
6.800000000000000000e+01,7.290959968203491007e+04
5.900000000000000000e+01,6.259263311486040038e+04
6.100000000000000000e+01,5.624033834180919803e+04
4.100000000000000000e+01,5.444329803364248073e+04
3.200000000000000000e+01,2.438936672400102543e+04
4.900000000000000000e+01,5.580935606944264146e+04
4.900000000000000000e+01,5.558101257968384016e+04
4.100000000000000000e+01,3.975453560686009587e+04
5.800000000000000000e+01,6.056133022242118022e+04
6.900000000000000000e+01,5.413886423614696832e+04
6.600000000000000000e+01,7.334027019206901605e+04
6.600000000000000000e+01,6.225097863557010714e+04
6.900000000000000000e+01,6.142276979480960290e+04
2.900000000000000000e+01,4.314009225836889527e+04
5.600000000000000000e+01,4.855656309457241150e+04
1.900000000000000000e+01,1.006538703636440368e+04
2.000000000000000000e+01,9.433708264760962265e+03
6.600000000000000000e+01,7.016009951345640002e+04
5.400000000000000000e+01,4.109570647503716464e+04
6.600000000000000000e+01,8.164794181984364695e+04
3.400000000000000000e+01,1.608070592116277840e+04
6.600000000000000000e+01,8.106456368290037790e+04
1.900000000000000000e+01,2.626017467202618354e+04
1.900000000000000000e+01,2.318286888129607541e+04
4.500000000000000000e+01,4.080080913191050058e+04
4.000000000000000000e+01,4.599136114352070581e+04
5.400000000000000000e+01,5.352365297575151635e+04
4.900000000000000000e+01,6.068301882016521267e+04
5.000000000000000000e+01,5.164227648662039428e+04
1.800000000000000000e+01,2.480301761461877686e+04
3.600000000000000000e+01,3.496387787786144327e+04
1.900000000000000000e+01,2.358054376278932614e+04
6.100000000000000000e+01,6.292801768892059044e+04
4.300000000000000000e+01,2.744831607343374344e+04
4.900000000000000000e+01,3.616814577894286776e+04
2.300000000000000000e+01,3.498264094022715290e+04
4.900000000000000000e+01,5.135865438127941889e+04
2.100000000000000000e+01,2.401016663647320820e+04
2.800000000000000000e+01,3.198433933065393285e+04
3.400000000000000000e+01,4.037581705361670902e+04
5.500000000000000000e+01,4.935240319690638717e+04
4.100000000000000000e+01,3.506695274597687239e+04
2.200000000000000000e+01,2.865845255097681365e+04
6.900000000000000000e+01,5.686627222384967899e+04
5.100000000000000000e+01,5.543252755714472005e+04
2.300000000000000000e+01,1.052416395762159664e+04
3.900000000000000000e+01,5.144155637325643329e+04
2.800000000000000000e+01,3.652597482413043326e+04
6.500000000000000000e+01,6.581029734313875088e+04
3.300000000000000000e+01,4.587690983945514017e+04
5.000000000000000000e+01,6.715474444462577230e+04
2.600000000000000000e+01,4.024370065018130117e+04
2.300000000000000000e+01,9.141257686683547945e+03
3.300000000000000000e+01,2.325423033264298283e+04
4.600000000000000000e+01,4.085181422304321313e+04
2.000000000000000000e+01,2.526091050210833782e+04
3.700000000000000000e+01,4.462659020469123061e+04
5.300000000000000000e+01,4.579256186846534547e+04
3.600000000000000000e+01,4.046766764477078686e+04
4.300000000000000000e+01,3.699617067646677606e+04
2.000000000000000000e+01,1.888482197008051662e+04
3.600000000000000000e+01,2.453338903151777777e+04
3.700000000000000000e+01,3.021766753889095708e+04
4.900000000000000000e+01,3.613315394383665989e+04
2.400000000000000000e+01,1.864126747022667405e+04
6.900000000000000000e+01,7.718641796607839933e+04
5.800000000000000000e+01,4.780601111168057105e+04
5.000000000000000000e+01,7.682382064837390499e+04
5.700000000000000000e+01,6.138317900880888919e+04
5.600000000000000000e+01,5.744836123694873822e+04
3.500000000000000000e+01,2.916642219818786543e+04
5.700000000000000000e+01,6.345309879408991401e+04
1.800000000000000000e+01,1.754362173762225939e+04
2.800000000000000000e+01,3.302009814645361621e+04
4.500000000000000000e+01,7.185084538268794131e+04
4.200000000000000000e+01,4.273940100275350414e+04
6.700000000000000000e+01,7.644273326285675284e+04
4.000000000000000000e+01,3.496823574874112819e+04
4.800000000000000000e+01,4.845011509503038542e+04
4.700000000000000000e+01,6.565800635635509389e+04
5.900000000000000000e+01,5.188032942212232592e+04
5.200000000000000000e+01,7.032448557996928866e+04
2.400000000000000000e+01,3.547751935455475177e+04
3.300000000000000000e+01,3.042533224105732370e+04
4.300000000000000000e+01,5.087407739055521233e+04
6.500000000000000000e+01,7.297554449626730639e+04
6.900000000000000000e+01,7.286809962217196880e+04
6.600000000000000000e+01,4.839775280109543382e+04
1.900000000000000000e+01,1.687862824175131391e+04
1.800000000000000000e+01,2.082481364448495151e+04
6.500000000000000000e+01,6.250566570899953513e+04
2.900000000000000000e+01,3.885672097550678154e+04
2.200000000000000000e+01,2.847701000933253817e+04
5.400000000000000000e+01,4.054655641289898631e+04
4.900000000000000000e+01,5.345197851005963457e+04
2.600000000000000000e+01,3.620585745283823053e+04
5.800000000000000000e+01,6.289790447931039671e+04
5.200000000000000000e+01,6.300780725554622040e+04
3.600000000000000000e+01,4.693922154548903927e+04
6.500000000000000000e+01,6.784180079228436807e+04
3.300000000000000000e+01,3.534834288541352726e+04
2.000000000000000000e+01,8.390390664840084355e+03
3.700000000000000000e+01,4.374618219132586091e+04
4.100000000000000000e+01,4.492687687163110968e+04
5.000000000000000000e+01,5.321578837195373490e+04
4.100000000000000000e+01,3.008251424179690366e+04
6.900000000000000000e+01,5.583943459591738065e+04
2.800000000000000000e+01,4.233152853332903760e+04
6.600000000000000000e+01,6.370444846143345057e+04
2.500000000000000000e+01,3.606500697372624563e+04
5.300000000000000000e+01,5.333318376130460820e+04
5.500000000000000000e+01,5.504756139495745447e+04
5.700000000000000000e+01,6.583283805975997529e+04
3.700000000000000000e+01,3.428955271782626369e+04
5.200000000000000000e+01,5.316120776940983342e+04
6.500000000000000000e+01,5.862724711294957524e+04
4.200000000000000000e+01,3.935503772567684064e+04
5.200000000000000000e+01,4.910827876531360380e+04
4.200000000000000000e+01,4.592133771633712604e+04
4.600000000000000000e+01,4.231251378336522612e+04
3.500000000000000000e+01,5.030756125573520694e+04
6.300000000000000000e+01,5.260392697780496383e+04
3.500000000000000000e+01,3.588128355838640709e+04
1.900000000000000000e+01,1.975268941725825061e+04
5.200000000000000000e+01,6.666977884353732225e+04
3.300000000000000000e+01,3.801554776511574892e+04
5.800000000000000000e+01,6.761844539468635048e+04
5.300000000000000000e+01,3.819439626963027695e+04
5.000000000000000000e+01,5.317050265869258874e+04
2.100000000000000000e+01,3.474630795623437007e+04
5.000000000000000000e+01,5.132283989275424392e+04
3.100000000000000000e+01,4.500480375065351109e+04
3.800000000000000000e+01,3.512711549899628153e+04
6.500000000000000000e+01,7.734347440185579762e+04
3.700000000000000000e+01,6.243898123619249964e+04
2.500000000000000000e+01,2.562161439560341023e+04
2.400000000000000000e+01,2.394497478599228270e+04
2.000000000000000000e+01,3.953384477117701317e+04
3.400000000000000000e+01,5.269572145730712509e+04
5.000000000000000000e+01,4.527139972846731689e+04
6.500000000000000000e+01,5.904813182904142741e+04
2.900000000000000000e+01,2.983215391139492931e+04
6.800000000000000000e+01,5.235549488965723140e+04
3.900000000000000000e+01,3.196348053515801803e+04
3.900000000000000000e+01,3.110859233247932207e+04
6.300000000000000000e+01,5.387202434895871556e+04
4.700000000000000000e+01,4.760315112613218662e+04
5.500000000000000000e+01,5.709214732536520751e+04
5.500000000000000000e+01,7.025500492814077006e+04
6.200000000000000000e+01,5.071645959261208918e+04
6.800000000000000000e+01,7.564322398476583476e+04
2.500000000000000000e+01,2.711011155774490908e+04
4.400000000000000000e+01,4.490536290347567410e+04
4.400000000000000000e+01,5.214819492166603595e+04
5.100000000000000000e+01,4.012277978437700949e+04
3.800000000000000000e+01,4.412409746184050891e+04
4.700000000000000000e+01,4.961452208213056292e+04
5.000000000000000000e+01,5.542451264008149155e+04
4.500000000000000000e+01,4.914168643907818478e+04
6.400000000000000000e+01,8.695300139910893631e+04
5.000000000000000000e+01,4.412260015748684236e+04
2.200000000000000000e+01,2.139003044998182304e+04
6.500000000000000000e+01,5.701859473575235461e+04
3.600000000000000000e+01,3.304522880839745631e+04
2.100000000000000000e+01,1.947612872693482495e+04
5.200000000000000000e+01,6.409016531107551418e+04
6.600000000000000000e+01,7.830504247989854775e+04
3.400000000000000000e+01,3.119253706250523828e+04
6.100000000000000000e+01,5.152644426895771176e+04
4.500000000000000000e+01,5.096415556386404205e+04
4.700000000000000000e+01,4.242776955719028774e+04
4.600000000000000000e+01,5.342931817755510565e+04
6.300000000000000000e+01,6.357923020851299952e+04
2.300000000000000000e+01,1.239255885002768082e+04
5.200000000000000000e+01,6.767505201330062118e+04
5.800000000000000000e+01,7.525877673095521459e+04
5.400000000000000000e+01,4.777211309515613539e+04
4.100000000000000000e+01,3.897298440064016177e+04
4.600000000000000000e+01,4.995865390724904864e+04
6.600000000000000000e+01,6.744456789987024968e+04
6.300000000000000000e+01,6.813544272672830266e+04
4.800000000000000000e+01,6.890204538766350015e+04
5.200000000000000000e+01,5.043052772505950270e+04
5.000000000000000000e+01,4.251702755461545894e+04
6.900000000000000000e+01,5.285680771985472529e+04
3.800000000000000000e+01,3.299069960058081051e+04
4.900000000000000000e+01,4.931873027126202942e+04
4.000000000000000000e+01,5.994557863517788064e+04
5.000000000000000000e+01,4.532388700963828887e+04
2.000000000000000000e+01,2.723787951638898448e+04
3.500000000000000000e+01,3.758577103927247663e+04
4.200000000000000000e+01,5.558393273448084074e+04
5.900000000000000000e+01,8.341932425873621833e+04
4.800000000000000000e+01,4.349131227079679229e+04
2.000000000000000000e+01,2.010560557481777869e+04
5.700000000000000000e+01,6.689160877069071284e+04
6.300000000000000000e+01,6.836891489626311522e+04
4.100000000000000000e+01,6.131707325736033090e+04
6.700000000000000000e+01,7.078928185325964296e+04
4.900000000000000000e+01,4.605707909212940285e+04
6.400000000000000000e+01,6.830654830692309770e+04
3.900000000000000000e+01,5.223703580582907307e+04
4.000000000000000000e+01,5.020482181197364116e+04
1.900000000000000000e+01,2.922274031107297924e+04
4.400000000000000000e+01,5.606674689589154150e+04
5.900000000000000000e+01,6.984295590445672860e+04
1.900000000000000000e+01,3.797158991037527448e+04
4.300000000000000000e+01,5.103709887589642312e+04
3.400000000000000000e+01,3.522881919683145679e+04
5.700000000000000000e+01,5.791713686433323164e+04
5.000000000000000000e+01,6.256508966508356389e+04
2.600000000000000000e+01,2.193064329012763847e+04
6.000000000000000000e+01,6.268673308872901544e+04
6.500000000000000000e+01,5.931661187672639062e+04
5.600000000000000000e+01,5.588744822934817785e+04
4.600000000000000000e+01,5.988451862607298972e+04
5.900000000000000000e+01,6.006099068019903643e+04
4.300000000000000000e+01,4.501436548156148638e+04
5.200000000000000000e+01,3.860143859020080708e+04
6.700000000000000000e+01,7.241253566027220222e+04
4.200000000000000000e+01,5.015484181141075533e+04
4.100000000000000000e+01,6.448254723305460357e+04
3.000000000000000000e+01,3.042221765046999280e+04
2.400000000000000000e+01,3.059150327663938879e+04
5.300000000000000000e+01,5.554383683710755577e+04
6.200000000000000000e+01,7.647453279763474711e+04
3.700000000000000000e+01,3.849704467613047746e+04
1.800000000000000000e+01,2.609021525770339213e+04
2.500000000000000000e+01,3.532896509716539003e+04
6.300000000000000000e+01,6.341609123156357964e+04
3.300000000000000000e+01,3.158566385449471636e+04
3.100000000000000000e+01,3.629089992898307537e+04
2.900000000000000000e+01,4.338631749859772390e+04
6.800000000000000000e+01,5.553484700588940177e+04
4.000000000000000000e+01,4.332969674146876059e+04
3.200000000000000000e+01,2.819879185060826785e+04
4.500000000000000000e+01,5.820046628924842662e+04
5.100000000000000000e+01,3.611813095216225338e+04
1.900000000000000000e+01,1.856078152728411806e+04
4.900000000000000000e+01,5.342211875064521155e+04
4.000000000000000000e+01,5.765524029234340560e+04
3.900000000000000000e+01,4.049249738927012368e+04
6.800000000000000000e+01,6.024800473306801723e+04
4.200000000000000000e+01,6.251157069440590567e+04
3.900000000000000000e+01,2.666986099583756004e+04
3.900000000000000000e+01,1.916194043379918003e+04
6.600000000000000000e+01,6.850014450053332257e+04
6.900000000000000000e+01,6.162945775647388655e+04
5.900000000000000000e+01,4.793767182869286626e+04
2.300000000000000000e+01,3.463356447299353022e+04
3.200000000000000000e+01,3.763800713771198934e+04
6.000000000000000000e+01,5.335921369263271481e+04
5.400000000000000000e+01,4.109695601329105557e+04
5.000000000000000000e+01,5.922457328280144429e+04
2.500000000000000000e+01,3.575201177958660992e+04
6.100000000000000000e+01,5.885824136220617220e+04
6.100000000000000000e+01,7.831636996047665889e+04
2.200000000000000000e+01,1.599915233673847433e+04
5.600000000000000000e+01,4.034474829075261368e+04
2.100000000000000000e+01,1.893091930118755408e+04
2.300000000000000000e+01,2.709413983644502150e+04
6.200000000000000000e+01,6.313339449322691507e+04
4.900000000000000000e+01,4.723763942143670283e+04
6.900000000000000000e+01,7.017055396514297172e+04
4.700000000000000000e+01,3.543460575809556030e+04
6.400000000000000000e+01,7.683764604073259397e+04
5.200000000000000000e+01,5.137848821607431455e+04
5.700000000000000000e+01,6.762295831588127476e+04
6.900000000000000000e+01,7.007725346377704409e+04
3.300000000000000000e+01,4.061753219153783721e+04
3.000000000000000000e+01,3.919767280232204212e+04
6.700000000000000000e+01,6.942708560017314448e+04
5.900000000000000000e+01,6.457722759867543937e+04
4.700000000000000000e+01,6.124152530132431275e+04
3.600000000000000000e+01,4.056521169701470353e+04
3.400000000000000000e+01,4.399003757588512235e+04
3.600000000000000000e+01,3.770264305712773057e+04
4.500000000000000000e+01,6.065117215449472860e+04
4.300000000000000000e+01,3.778607697940730577e+04
5.400000000000000000e+01,7.190940432910816162e+04
4.300000000000000000e+01,4.414842049355656491e+04
4.000000000000000000e+01,2.769224897881951620e+04
2.600000000000000000e+01,3.138104414910789274e+04
2.900000000000000000e+01,2.583948342525119369e+04
1.800000000000000000e+01,3.170643548988724069e+04
1.800000000000000000e+01,1.677376020697609056e+04
6.400000000000000000e+01,5.793816566785220493e+04
5.100000000000000000e+01,3.245459269054469041e+04
4.900000000000000000e+01,4.512693680750923522e+04
6.500000000000000000e+01,3.901120673371043813e+04
4.200000000000000000e+01,2.786097176514276725e+04
5.700000000000000000e+01,6.405414656144297624e+04
6.200000000000000000e+01,6.855800158650832600e+04
1.800000000000000000e+01,2.755457561784964855e+04
3.300000000000000000e+01,2.638023856870787131e+04
5.600000000000000000e+01,5.512288643858020077e+04
2.200000000000000000e+01,2.666397460909431538e+04
3.900000000000000000e+01,2.956635310807457427e+04
4.600000000000000000e+01,6.213398301767150406e+04
2.000000000000000000e+01,3.377362290575671068e+04
2.900000000000000000e+01,3.044035826170336077e+04
4.300000000000000000e+01,4.481885838994530786e+04
3.300000000000000000e+01,3.813382807947552647e+04
6.800000000000000000e+01,4.538265131575709529e+04
5.400000000000000000e+01,5.142822617479402834e+04
3.900000000000000000e+01,3.433015752002201043e+04
4.600000000000000000e+01,3.708379990105084289e+04
3.100000000000000000e+01,3.153899707114045304e+04
4.500000000000000000e+01,6.422686526849522488e+04
2.200000000000000000e+01,3.310842861267009721e+04
6.400000000000000000e+01,5.668821010217203002e+04
6.600000000000000000e+01,6.982582781356158375e+04
4.700000000000000000e+01,6.194355436586002179e+04
6.300000000000000000e+01,7.079633682912768563e+04
6.900000000000000000e+01,6.724630369920174417e+04
2.200000000000000000e+01,2.023063222294425941e+04
2.900000000000000000e+01,3.963223313613589562e+04
3.300000000000000000e+01,3.998485385421749379e+04
4.300000000000000000e+01,5.350193220027732605e+04
4.300000000000000000e+01,5.090171801681969373e+04
6.500000000000000000e+01,7.374552715319335402e+04
3.800000000000000000e+01,3.494764788439431868e+04
5.600000000000000000e+01,6.877394065634325671e+04
5.300000000000000000e+01,5.502599604692399589e+04
5.000000000000000000e+01,7.125260872625265620e+04
4.700000000000000000e+01,4.105812181910432264e+04
5.400000000000000000e+01,7.125963803165248828e+04
4.000000000000000000e+01,4.397910783462647669e+04
2.700000000000000000e+01,2.443581996385551611e+04
2.200000000000000000e+01,2.186114165945678542e+04
5.300000000000000000e+01,4.984652691805679933e+04
5.100000000000000000e+01,5.559165946401916153e+04
6.900000000000000000e+01,7.187835488035499293e+04
4.800000000000000000e+01,4.306299996061420825e+04
2.700000000000000000e+01,3.070645407739017173e+04
3.600000000000000000e+01,6.002270358611863776e+04
4.900000000000000000e+01,6.692543170100710995e+04
1.800000000000000000e+01,2.766323669674032135e+04
2.200000000000000000e+01,2.708003478168200309e+04
6.200000000000000000e+01,6.190031326718260971e+04
2.100000000000000000e+01,3.198517972730416659e+04
3.300000000000000000e+01,2.582207434801594354e+04
4.100000000000000000e+01,4.027623462576654856e+04
3.300000000000000000e+01,1.936415926122410383e+04
1.900000000000000000e+01,2.814223122605279059e+04
6.600000000000000000e+01,7.057195939702741452e+04
4.500000000000000000e+01,4.141813537700625602e+04
4.900000000000000000e+01,6.538986763290032832e+04
4.400000000000000000e+01,3.314234336997658829e+04
3.700000000000000000e+01,2.480625119790179815e+04
4.100000000000000000e+01,4.509451818559972162e+04
2.900000000000000000e+01,4.312098302612154657e+04
6.700000000000000000e+01,8.178927691457868787e+04
5.200000000000000000e+01,4.761115737131059723e+04
5.000000000000000000e+01,6.128680833431295468e+04
5.000000000000000000e+01,5.011491530499293003e+04
6.800000000000000000e+01,6.407372700059180352e+04
6.000000000000000000e+01,6.783659937486672425e+04
5.400000000000000000e+01,6.042322878413419676e+04
2.900000000000000000e+01,1.688607843015750404e+04
2.000000000000000000e+01,3.976540349725895794e+04
1.800000000000000000e+01,3.710091354147451784e+04
5.000000000000000000e+01,4.424437298490470857e+04
5.700000000000000000e+01,6.040803533437409351e+04
2.700000000000000000e+01,3.589030186282738578e+04
6.000000000000000000e+01,6.160673765823907161e+04
6.100000000000000000e+01,5.434694846154579864e+04
4.600000000000000000e+01,4.038376632061948476e+04
3.000000000000000000e+01,3.324445929008554958e+04
2.900000000000000000e+01,4.437729019259364577e+04
4.800000000000000000e+01,5.423600154594432388e+04
6.300000000000000000e+01,5.784385667913893849e+04
1.900000000000000000e+01,3.186698710648344786e+04
6.800000000000000000e+01,3.731457379369924456e+04
6.700000000000000000e+01,7.643765700372103311e+04
5.200000000000000000e+01,3.480286221221899905e+04
4.000000000000000000e+01,3.837559058596867544e+04
3.400000000000000000e+01,2.570330105373856350e+04
4.300000000000000000e+01,3.160318524279093981e+04
2.500000000000000000e+01,4.085826787378519657e+04
4.600000000000000000e+01,4.242298798688108945e+04
4.300000000000000000e+01,4.801503881730715511e+04
2.700000000000000000e+01,3.048079421120815823e+04
4.300000000000000000e+01,4.932040827223121596e+04
5.100000000000000000e+01,5.211821891060255439e+04
6.800000000000000000e+01,5.297007775811430474e+04
5.800000000000000000e+01,6.726266819447139278e+04
2.400000000000000000e+01,2.346243416838687699e+04
2.100000000000000000e+01,1.028418101340248904e+04
6.700000000000000000e+01,6.066884839034087781e+04
6.200000000000000000e+01,7.570759790634311503e+04
2.800000000000000000e+01,4.030221742113492655e+04
4.600000000000000000e+01,4.361347865592141170e+04
5.300000000000000000e+01,4.955742295681570977e+04
4.200000000000000000e+01,4.048364948782617284e+04
3.800000000000000000e+01,6.106747983560840657e+04
5.300000000000000000e+01,5.686935452231553063e+04
2.700000000000000000e+01,3.525041647191069933e+04
5.400000000000000000e+01,6.420283454031842120e+04
2.600000000000000000e+01,3.248789159026513516e+04
4.100000000000000000e+01,4.025957854179296555e+04
5.200000000000000000e+01,5.023650150915021368e+04
6.600000000000000000e+01,6.338398740585936321e+04
5.200000000000000000e+01,5.182777763490158395e+04
6.500000000000000000e+01,7.052629543636979361e+04
5.300000000000000000e+01,5.356945885807299783e+04
3.500000000000000000e+01,4.507640077215579367e+04
6.600000000000000000e+01,6.329283419891417725e+04
5.600000000000000000e+01,5.638635190316090302e+04
4.900000000000000000e+01,2.966799315467892302e+04
4.100000000000000000e+01,5.201327674702481454e+04
4.000000000000000000e+01,4.546488475897992612e+04
4.900000000000000000e+01,5.963010109859652584e+04
5.400000000000000000e+01,2.493744621806310897e+04
2.900000000000000000e+01,5.353374704780727916e+04
6.600000000000000000e+01,6.270410371844826295e+04
3.000000000000000000e+01,4.458182816737516259e+04
4.000000000000000000e+01,3.160094072874469202e+04
4.200000000000000000e+01,4.982773905062569975e+04
5.200000000000000000e+01,4.166584436826343881e+04
5.800000000000000000e+01,5.106231039304194564e+04
4.700000000000000000e+01,6.709031353866786230e+04
3.400000000000000000e+01,3.499317599236653768e+04
6.600000000000000000e+01,6.627432873179722810e+04
3.700000000000000000e+01,4.815067730688754091e+04
6.500000000000000000e+01,6.820681887972605182e+04
4.200000000000000000e+01,4.520418905143576558e+04
3.900000000000000000e+01,4.479961002466225182e+04
3.000000000000000000e+01,5.753415585238275526e+04
3.600000000000000000e+01,3.802381202966414276e+04
6.600000000000000000e+01,6.611099046714967699e+04
5.300000000000000000e+01,6.355654396007611649e+04
2.900000000000000000e+01,4.370525932957983605e+04
5.800000000000000000e+01,6.917030305560379929e+04
3.600000000000000000e+01,4.498730222029184370e+04
2.900000000000000000e+01,2.121995087269516443e+04
2.600000000000000000e+01,4.643431532301096013e+04
2.400000000000000000e+01,1.693654606981312099e+04
4.500000000000000000e+01,4.927635465239033510e+04
3.100000000000000000e+01,2.680724149980641960e+04
4.800000000000000000e+01,4.815861653407007543e+04
6.900000000000000000e+01,6.993762410303480283e+04
3.600000000000000000e+01,4.181357215450273361e+04
6.400000000000000000e+01,6.661920754235284403e+04
3.300000000000000000e+01,5.218711269058647304e+04
2.200000000000000000e+01,3.123534301513979881e+04
5.200000000000000000e+01,4.975843364709351590e+04
2.900000000000000000e+01,4.229087168288357498e+04
4.200000000000000000e+01,5.559470488924640813e+04
6.900000000000000000e+01,5.437392184863007424e+04
3.800000000000000000e+01,4.627400069849858119e+04
5.300000000000000000e+01,6.006172742310898320e+04
4.000000000000000000e+01,3.902436496640008409e+04
3.300000000000000000e+01,4.980706813311619044e+04
5.600000000000000000e+01,5.409944412967473181e+04
6.200000000000000000e+01,6.195576453471542482e+04
5.900000000000000000e+01,5.641928175716130499e+04
5.600000000000000000e+01,5.575579047581467603e+04
3.100000000000000000e+01,2.338724913104798179e+04
4.800000000000000000e+01,3.439949117405705329e+04
2.200000000000000000e+01,4.264505063224972400e+04
5.200000000000000000e+01,4.373038651681672491e+04
4.000000000000000000e+01,3.208607650543692580e+04
4.600000000000000000e+01,2.556609886396285219e+04
6.000000000000000000e+01,5.261038252310497774e+04
2.800000000000000000e+01,1.856910206592501709e+04
3.500000000000000000e+01,5.417015160136368650e+04
6.400000000000000000e+01,7.249817089342634426e+04
2.900000000000000000e+01,2.576849654822276352e+04
2.600000000000000000e+01,5.262435805344308756e+04
2.700000000000000000e+01,4.076765486991594662e+04
6.100000000000000000e+01,5.660168616491377179e+04
3.400000000000000000e+01,1.190594285126426985e+04
5.500000000000000000e+01,7.765942572590742202e+04
2.400000000000000000e+01,1.450427533236403906e+04
6.300000000000000000e+01,4.509601253043107863e+04
3.000000000000000000e+01,4.372570432009640353e+04
5.700000000000000000e+01,8.084752406339273148e+04
5.900000000000000000e+01,7.199272818510518118e+04
2.600000000000000000e+01,3.573909120052359503e+04
6.700000000000000000e+01,7.089754341665285756e+04
4.400000000000000000e+01,5.393415558780307765e+04
1.900000000000000000e+01,3.173928589786765224e+04
2.200000000000000000e+01,2.951191423969375683e+04
4.600000000000000000e+01,4.814201103951875848e+04
5.400000000000000000e+01,5.327406872100477631e+04
5.500000000000000000e+01,4.721035411133323942e+04
3.600000000000000000e+01,3.579324923133225820e+04
2.500000000000000000e+01,1.232043185804614404e+04
6.500000000000000000e+01,6.226660373205249925e+04
6.200000000000000000e+01,5.081408892849082622e+04
1.800000000000000000e+01,1.226410682784229175e+04
3.900000000000000000e+01,4.294894151153478742e+04
6.900000000000000000e+01,8.057002286344599270e+04
3.400000000000000000e+01,4.608316606002312619e+04
2.400000000000000000e+01,1.269499396376822915e+04
4.200000000000000000e+01,3.380371863429662335e+04
6.200000000000000000e+01,7.010771187988216116e+04
2.100000000000000000e+01,1.602512606461690484e+04
5.300000000000000000e+01,5.080366850002975116e+04
2.300000000000000000e+01,3.305052099024551717e+04
4.800000000000000000e+01,3.911655545136364526e+04
3.600000000000000000e+01,3.965375506145959662e+04
6.100000000000000000e+01,4.650974505081795360e+04
5.600000000000000000e+01,4.958632356048786460e+04
4.400000000000000000e+01,4.859781934142536920e+04
2.700000000000000000e+01,1.502006266468330796e+04
4.300000000000000000e+01,4.895474737960399216e+04
3.600000000000000000e+01,3.840362201073319011e+04
5.600000000000000000e+01,6.112489954417147965e+04
2.000000000000000000e+01,2.723914134064661630e+04
6.200000000000000000e+01,7.434140429973843857e+04
3.000000000000000000e+01,3.475224502647907502e+04
6.700000000000000000e+01,6.065594458874747215e+04
4.500000000000000000e+01,4.747297503032283566e+04
3.700000000000000000e+01,4.488298029036387743e+04
4.500000000000000000e+01,4.673860070325704146e+04
2.500000000000000000e+01,2.965591691203882510e+04
5.800000000000000000e+01,5.028008312193244637e+04
5.600000000000000000e+01,4.897099082449051639e+04
1.800000000000000000e+01,9.273947282003064174e+03
2.000000000000000000e+01,4.249576743186938984e+04
3.000000000000000000e+01,2.106136764608715021e+04
4.500000000000000000e+01,3.932094802204092412e+04
6.600000000000000000e+01,5.691592734430802375e+04
4.200000000000000000e+01,5.264924376944440883e+04
5.000000000000000000e+01,4.755050321707972034e+04
5.500000000000000000e+01,6.722742072673734219e+04
2.300000000000000000e+01,2.081509375756131340e+04
6.100000000000000000e+01,6.263994162223801686e+04
6.200000000000000000e+01,5.234652946740242623e+04
4.900000000000000000e+01,7.110149127773387590e+04
6.200000000000000000e+01,4.882401580970486975e+04
6.400000000000000000e+01,6.549820710227027303e+04
3.800000000000000000e+01,4.663776880932098720e+04
3.300000000000000000e+01,4.018799097451498528e+04
3.800000000000000000e+01,3.844712341122291400e+04
2.800000000000000000e+01,3.050179300266573773e+04
5.400000000000000000e+01,5.433811471979109774e+04
5.300000000000000000e+01,5.157997998371511494e+04
5.200000000000000000e+01,6.183879116794909351e+04
3.600000000000000000e+01,6.070523001591351203e+04
3.700000000000000000e+01,3.387508214992166177e+04
3.500000000000000000e+01,2.405197020420922127e+04
6.400000000000000000e+01,6.151717951648744929e+04
5.800000000000000000e+01,8.309709337654318369e+04
6.600000000000000000e+01,5.606325432030269440e+04
3.100000000000000000e+01,5.074116805444066995e+04
3.200000000000000000e+01,5.197700814076440292e+04
4.800000000000000000e+01,4.326411758292005106e+04
1.800000000000000000e+01,2.898983079185275346e+04
2.000000000000000000e+01,4.128396623128537613e+04
3.300000000000000000e+01,3.225872259012512950e+04
4.000000000000000000e+01,3.996419639897638262e+04
2.800000000000000000e+01,2.598319086051356135e+04
2.900000000000000000e+01,2.250243269307132869e+04
2.700000000000000000e+01,2.445722454933992776e+04
4.900000000000000000e+01,3.741059733237743785e+04
3.300000000000000000e+01,3.639083468259226356e+04
2.500000000000000000e+01,2.155026768941358023e+04
5.500000000000000000e+01,5.708785911790747923e+04
2.900000000000000000e+01,1.709104353796372743e+04
4.100000000000000000e+01,4.615880232214456919e+04
4.500000000000000000e+01,5.458528961608924874e+04
2.500000000000000000e+01,9.312643574285444629e+03
4.500000000000000000e+01,4.999056569847572246e+04
5.300000000000000000e+01,6.532668992473292019e+04
4.300000000000000000e+01,3.245358981308794318e+04
2.500000000000000000e+01,4.597572386837703380e+04
6.700000000000000000e+01,6.914019009366045066e+04
4.500000000000000000e+01,3.919988144241591363e+04
4.500000000000000000e+01,4.569230922342294070e+04
5.400000000000000000e+01,5.948326912521722261e+04
5.800000000000000000e+01,5.806005391412411700e+04
5.300000000000000000e+01,5.843755992446369055e+04
4.400000000000000000e+01,3.619326406920633599e+04
3.400000000000000000e+01,3.859360824036077975e+04
2.600000000000000000e+01,1.596285503095019885e+04
5.000000000000000000e+01,4.938773938651299977e+04
3.700000000000000000e+01,3.041092358535210224e+04
3.000000000000000000e+01,2.614470057410233494e+04
4.500000000000000000e+01,5.861093175210437039e+04
6.500000000000000000e+01,7.416310120594268665e+04
4.600000000000000000e+01,5.319138120907176926e+04
3.000000000000000000e+01,2.257687235327420785e+04
6.300000000000000000e+01,5.838591550305198325e+04
5.200000000000000000e+01,6.433097699979183380e+04
2.300000000000000000e+01,2.896716913639904669e+04
3.500000000000000000e+01,6.094329539981693961e+04
6.800000000000000000e+01,6.973317839394371549e+04
2.200000000000000000e+01,2.862049116490031520e+04
6.400000000000000000e+01,5.930883535797498917e+04
4.200000000000000000e+01,4.503540904782282450e+04
1.900000000000000000e+01,2.262530163619456289e+04
2.700000000000000000e+01,3.803108676688590640e+04
4.700000000000000000e+01,5.751702316794583749e+04
6.700000000000000000e+01,5.709010539492050884e+04
6.200000000000000000e+01,4.738767046442221908e+04
2.200000000000000000e+01,8.337946268967032665e+03
5.000000000000000000e+01,5.557991326912543445e+04
1.800000000000000000e+01,1.226633393826126303e+04
3.500000000000000000e+01,1.622109407047517016e+04
4.900000000000000000e+01,5.353578604530964367e+04
6.400000000000000000e+01,8.732999517432790890e+04
6.600000000000000000e+01,6.403929088460106868e+04
2.800000000000000000e+01,4.018490774451641482e+04
3.800000000000000000e+01,4.111829358547565062e+04
4.300000000000000000e+01,4.356110346808857139e+04
4.200000000000000000e+01,5.289076482987768395e+04
3.900000000000000000e+01,3.824725455811348365e+04
4.400000000000000000e+01,4.807392314071903093e+04
6.600000000000000000e+01,6.731697806196013698e+04
3.000000000000000000e+01,2.681909546356951250e+04
5.000000000000000000e+01,6.042042349536522670e+04
5.100000000000000000e+01,4.960040243304591422e+04
5.800000000000000000e+01,4.974254840507155313e+04
5.200000000000000000e+01,5.756509843570403609e+04
1.800000000000000000e+01,1.431532018208962654e+04
3.800000000000000000e+01,4.058181157369128050e+04
6.500000000000000000e+01,6.315881003355796565e+04
2.300000000000000000e+01,3.840895565831578278e+04
4.500000000000000000e+01,5.099698232879952411e+04
3.400000000000000000e+01,3.664973041254856071e+04
2.200000000000000000e+01,3.487766299200287176e+04
4.800000000000000000e+01,6.270207549017313431e+04
2.200000000000000000e+01,3.227810306351862164e+04
5.500000000000000000e+01,5.485352619843380671e+04
2.000000000000000000e+01,1.188163767649840520e+04
4.000000000000000000e+01,3.134886336924627540e+04
5.400000000000000000e+01,5.084775295645332517e+04
5.400000000000000000e+01,4.780487797840716667e+04
2.700000000000000000e+01,2.908028697014553836e+04
2.700000000000000000e+01,3.151649924897107121e+04
3.600000000000000000e+01,4.389692754356730438e+04
3.400000000000000000e+01,3.619501221940908727e+04
3.800000000000000000e+01,4.516501643826202053e+04
3.100000000000000000e+01,3.499474414810119924e+04
2.600000000000000000e+01,1.034533433646128833e+04
6.300000000000000000e+01,5.215664606181245472e+04
1.800000000000000000e+01,2.185912444278384646e+04
6.800000000000000000e+01,5.370305257158892346e+04
6.200000000000000000e+01,6.669928729996204493e+04
3.000000000000000000e+01,4.880750832343697402e+04
2.100000000000000000e+01,3.803761851697316888e+04
1.800000000000000000e+01,2.116557129069792063e+04
6.600000000000000000e+01,7.900726136849951581e+04
5.700000000000000000e+01,5.793667457202111837e+04
4.900000000000000000e+01,4.627914028881960985e+04
5.100000000000000000e+01,4.521597336459060170e+04
4.500000000000000000e+01,4.322530313511871645e+04
4.800000000000000000e+01,4.491823181458771433e+04
2.500000000000000000e+01,3.095416222375487632e+04
5.600000000000000000e+01,5.720573981049864960e+04
4.300000000000000000e+01,4.458046020153414429e+04
5.100000000000000000e+01,5.571938169746349740e+04
2.000000000000000000e+01,3.690646274786341382e+04
6.700000000000000000e+01,7.444554135441323160e+04
2.900000000000000000e+01,1.780102031550096581e+04
1.800000000000000000e+01,-2.239211349019547924e+03
6.100000000000000000e+01,6.919319911239272915e+04
2.200000000000000000e+01,1.303121301584578941e+04
4.700000000000000000e+01,4.570234598107316560e+04
4.700000000000000000e+01,3.624886973940640746e+04
3.400000000000000000e+01,1.888019562419980139e+04
6.500000000000000000e+01,6.866462728204787709e+04
6.400000000000000000e+01,6.999155160302646982e+04
4.000000000000000000e+01,3.623489599273280328e+04
3.200000000000000000e+01,9.289577078550901206e+03
5.400000000000000000e+01,4.843755551747517165e+04
3.800000000000000000e+01,4.421804005402546318e+04
3.100000000000000000e+01,1.956088431225871318e+04
1.900000000000000000e+01,2.598359919779155462e+04
2.800000000000000000e+01,3.164690150827004618e+04
6.800000000000000000e+01,7.159291499601087708e+04
5.600000000000000000e+01,5.679580368414153054e+04
5.500000000000000000e+01,4.501931059118444682e+04
5.100000000000000000e+01,6.331571501664491370e+04
5.500000000000000000e+01,5.316470426973029680e+04
6.700000000000000000e+01,6.467695460490068217e+04
5.100000000000000000e+01,4.201732040926803893e+04
3.500000000000000000e+01,3.331717748808489705e+04
4.700000000000000000e+01,3.910197285973098769e+04
3.200000000000000000e+01,3.347053940076576691e+04
4.400000000000000000e+01,6.251708480142343615e+04
6.800000000000000000e+01,5.208098857068643701e+04
5.100000000000000000e+01,3.521438602123258897e+04
6.900000000000000000e+01,8.136170327493608056e+04
5.500000000000000000e+01,5.265676322848133714e+04
5.000000000000000000e+01,4.380927261340083351e+04
4.100000000000000000e+01,5.324904687396076042e+04
3.200000000000000000e+01,2.914384460263135770e+04
4.700000000000000000e+01,6.621009713546936109e+04
5.900000000000000000e+01,6.492925871339269361e+04
6.800000000000000000e+01,6.092088591854297556e+04
3.400000000000000000e+01,5.847308213265503582e+04
2.200000000000000000e+01,2.064285076996661519e+04
4.600000000000000000e+01,5.452095372009307175e+04
2.100000000000000000e+01,2.884292580406491834e+04
2.700000000000000000e+01,4.396741289398798108e+04
3.400000000000000000e+01,5.251511196726853086e+04
2.700000000000000000e+01,3.127004149065766615e+04
3.400000000000000000e+01,2.936582129653816446e+04
3.700000000000000000e+01,4.404972142939116748e+04
4.100000000000000000e+01,3.607284630247893801e+04
2.200000000000000000e+01,4.683387247526623105e+04
5.100000000000000000e+01,5.271535331082737684e+04
2.300000000000000000e+01,2.389678448687891432e+04
1.900000000000000000e+01,2.599680305864908587e+04
3.000000000000000000e+01,2.002873710470303558e+04
6.000000000000000000e+01,4.928385961489348847e+04
6.000000000000000000e+01,7.100413907944425591e+04
6.500000000000000000e+01,5.668105721028604603e+04
2.800000000000000000e+01,2.133089017318060360e+04
6.800000000000000000e+01,7.116652752527286066e+04
6.400000000000000000e+01,7.425704154662997462e+04
4.000000000000000000e+01,4.918953310665066965e+04
3.300000000000000000e+01,4.601047685805816582e+04
4.800000000000000000e+01,4.123204911430539505e+04
2.800000000000000000e+01,1.758189333258156330e+04
3.300000000000000000e+01,5.106333651955486857e+04
2.500000000000000000e+01,2.602320161157864277e+04
2.100000000000000000e+01,2.334166983544952745e+04
5.700000000000000000e+01,6.973194141849057632e+04
2.100000000000000000e+01,3.141230009400659765e+04
4.200000000000000000e+01,4.825887772081607545e+04
2.000000000000000000e+01,4.665002344901084143e+04
4.900000000000000000e+01,4.321481769619857369e+04
2.000000000000000000e+01,3.427840128081237344e+04
4.400000000000000000e+01,4.597013124897084344e+04
4.600000000000000000e+01,4.978592278863256797e+04
4.900000000000000000e+01,6.493468426412531699e+04
6.700000000000000000e+01,7.002835756289624260e+04
6.800000000000000000e+01,7.118296079049633408e+04
3.600000000000000000e+01,4.932507337309802097e+04
3.800000000000000000e+01,3.665047270457114791e+04
2.200000000000000000e+01,1.830790332660993590e+04
3.500000000000000000e+01,2.730190805978966455e+04
4.500000000000000000e+01,2.658643410623998352e+04
5.900000000000000000e+01,7.871207129940322193e+04
3.900000000000000000e+01,3.011791634278316633e+04
3.800000000000000000e+01,3.808746376414228143e+04
2.300000000000000000e+01,2.478186700111079335e+04
1.800000000000000000e+01,2.637406697809100660e+04
2.200000000000000000e+01,3.485737212539296888e+04
5.800000000000000000e+01,6.590473488359745534e+04
2.900000000000000000e+01,2.681922561431061331e+04
4.300000000000000000e+01,4.287878286213588581e+04
6.300000000000000000e+01,6.437579950488299801e+04
5.100000000000000000e+01,4.886308873816452979e+04
6.600000000000000000e+01,8.017345576019992586e+04
3.100000000000000000e+01,3.925974951638251514e+04
4.300000000000000000e+01,5.189877786049817223e+04
6.200000000000000000e+01,6.732881268667412223e+04
4.400000000000000000e+01,5.713473857485324697e+04
2.600000000000000000e+01,3.191021558703706978e+04
4.300000000000000000e+01,3.158168052044153592e+04
6.400000000000000000e+01,6.639687951752640947e+04
3.900000000000000000e+01,3.463643106208171230e+04
6.400000000000000000e+01,5.711383318250242883e+04
4.700000000000000000e+01,5.381364018755093275e+04
6.000000000000000000e+01,7.138283071433636360e+04
6.500000000000000000e+01,6.346271576736061979e+04
3.400000000000000000e+01,3.998833012598963978e+04
4.300000000000000000e+01,6.157214944635237771e+04
5.300000000000000000e+01,5.545753179488568276e+04
1.800000000000000000e+01,4.931683114180395205e+04
2.500000000000000000e+01,3.490509645631544117e+04
6.600000000000000000e+01,4.649237240844182088e+04
5.200000000000000000e+01,5.973341621104532533e+04
6.900000000000000000e+01,7.046158384882778046e+04
3.200000000000000000e+01,4.809752754082745378e+04
6.400000000000000000e+01,6.913181351269959123e+04
3.900000000000000000e+01,3.976544016016225942e+04
3.100000000000000000e+01,2.210701763710634259e+04
4.300000000000000000e+01,4.245976742713974818e+04
4.500000000000000000e+01,3.774479545790699922e+04
4.000000000000000000e+01,3.619476550195277377e+04
3.100000000000000000e+01,4.023578404420609877e+04
4.100000000000000000e+01,5.954904504351406649e+04
1.900000000000000000e+01,2.809671529822981029e+04
6.200000000000000000e+01,4.874116937964815588e+04
4.300000000000000000e+01,4.899602668220140913e+04
3.100000000000000000e+01,4.631631486645650875e+04
6.800000000000000000e+01,5.970217095680617786e+04
2.400000000000000000e+01,2.705982833327082335e+04
2.000000000000000000e+01,2.514688194729197130e+04
6.400000000000000000e+01,5.455101686917759798e+04
4.000000000000000000e+01,4.848280433843858918e+04
6.300000000000000000e+01,6.034051851392218668e+04
6.000000000000000000e+01,6.319532443907027482e+04
6.400000000000000000e+01,5.352507822197899804e+04
6.200000000000000000e+01,5.632541699676589633e+04
3.500000000000000000e+01,4.497381357827770989e+04
5.500000000000000000e+01,5.102166847908232739e+04
